Role,Name,Responsibilities,RACI
Mirror Founder/CEO,(Name),Approves project scope, deliverables, and dashboard objectives,A
Outreach & Insights,Siwoo Yoon, survey collection, data cleaning, dashboard setup, and insight reporting,R
Data Analyst,(Teammate name),Supports API integration and dashboard testing,C
UX Lead,(Teammate name),Uses dashboard insights to define feature priorities,C
Research Advisor / Faculty Mentor,(Mentor name),Reviews methodology and validates interpretations,C
Clinical Consultant,(Partner clinician or advisor),Ensures findings align with clinical best practices,I
University Partner / Health Center,(Contact name),Provides access to student participants and data feedback,I
Mirror Team (All),Participate in insight reviews and weekly syncs,I

